,mutual_information,lgbm_gain,rfe_rank,group,pruned_by_correlation,rank_mi,rank_gain,rank_rfe,consensus_rank,selected
upstream_delay_min,0.046257589982563685,0.32587291445032995,1.0,historical,False,1.0,1.0,23.0,8.333333333333334,True
slack_vs_upstream_min,0.04509328827191106,0.03808228416737968,1.0,historical,False,2.0,5.0,23.0,10.0,True
aircraft_cum_delay_today,0.02855213045006577,0.011581015988814865,1.0,historical,False,4.0,12.0,23.0,13.0,True
scheduled_turnaround_min,0.008093427041661494,0.05617979859034917,1.0,flight,False,18.0,2.0,23.0,14.333333333333334,True
carrier_code,0.008560156914880102,0.02545489335484782,1.0,flight,False,17.0,7.0,23.0,15.666666666666666,True
aircraft_age_years,0.009508808402669544,0.011278221401540712,1.0,flight,False,11.0,13.0,23.0,15.666666666666666,True
hour_sin,0.006596618142607591,0.010120790783419285,1.0,time,False,24.0,15.0,23.0,20.666666666666668,True
carrier_delay_rate_7d,0.011504621502664625,0.006621668213957483,1.0,historical,False,8.0,35.0,23.0,22.0,True
hour_cos,0.005922766537174162,0.00999616268832277,1.0,time,False,28.0,16.0,23.0,22.333333333333332,True
dep_time_decimal,0.005052495780355493,0.012868565531140392,1.0,time,False,33.0,11.0,23.0,22.333333333333332,True
carrier_volume_7d,0.005255203490138083,0.007309718036827926,1.0,historical,False,32.0,29.0,23.0,28.0,True
carrier_share_at_origin,0.00905207483002668,0.004165189852627187,1.0,airport,False,13.0,48.0,23.0,28.0,True
padding_ratio,0.003977236857469313,0.007589501351582766,1.0,flight,False,42.0,27.0,23.0,30.666666666666668,True
dep_wx_cloud_ceiling_ft,0.003462710172513317,0.008921845958819041,1.0,weather,False,50.0,20.0,23.0,31.0,True
dep_temp_anomaly,0.0033449578592550377,0.009075492960674272,1.0,weather,False,51.0,19.0,23.0,31.0,True
origin_mean_delay_min_7d,0.0037196687888936264,0.008163424160624901,1.0,historical,False,48.0,23.0,23.0,31.333333333333332,True
route_wx_severity,0.002656873258795267,0.022217262440119186,1.0,weather,False,64.0,8.0,23.0,31.666666666666668,True
time_block,0.009879263710153019,0.019286636293071726,4.0,time,False,10.0,10.0,75.5,31.833333333333332,True
carrier_origin_delay_rate_14d,0.0038407665951221137,0.00695685346359699,1.0,historical,False,46.0,31.0,23.0,33.333333333333336,True
aircraft_model,0.005309230758050454,0.009944839974875953,3.0,flight,False,31.0,17.0,61.5,36.5,True
seats,0.007208959291618466,0.0019673832120329447,1.0,flight,False,22.0,66.0,23.0,37.0,True
route_delay_rate_30d,0.00220969025232276,0.008543110547061432,1.0,historical,False,69.0,21.0,23.0,37.666666666666664,True
scheduled_block_min,0.003250805451951111,0.006040486606484992,1.0,flight,False,52.0,39.0,23.0,38.0,True
day_of_week,0.0031537283055016463,0.006243867473512111,1.0,time,False,54.0,37.0,23.0,38.0,True
dep_wx_temperature_c,0.0025693660970427246,0.006886284308633143,1.0,weather,False,65.0,32.0,23.0,40.0,True
doy_cos,0.0029091764723347957,0.004770617949409575,1.0,time,False,59.0,45.0,23.0,42.333333333333336,True
origin_congestion_ratio,0.002495877232046473,0.005485314565432206,1.0,airport,False,66.0,40.0,23.0,43.0,True
carrier_origin_volume_14d,0.0021919563578893797,0.006074262876215344,1.0,historical,False,70.0,38.0,23.0,43.666666666666664,True
lat_delta,0.003108227713545686,0.0032893097798575746,1.0,geospatial,False,55.0,54.0,23.0,44.0,True
bearing_cos,0.0036406594756790422,0.0023336810895844984,1.0,geospatial,False,49.0,64.0,23.0,45.333333333333336,True
origin_delay_rate_7d,0.0014324042015274596,0.007818459868295432,1.0,historical,False,89.0,26.0,23.0,46.0,True
doy_sin,0.0038879990987488178,0.004569139914821103,2.0,time,False,44.0,46.0,50.0,46.666666666666664,True
dep_wx_wind_speed_kt,0.0015353735092036302,0.006442571029525813,1.0,weather,False,83.0,36.0,23.0,47.333333333333336,True
dep_wx_visibility_km,0.001969528515072705,0.005366464747438986,1.0,weather,False,78.0,41.0,23.0,47.333333333333336,True
dep_dewpoint_spread,0.0007812800817748045,0.008221776640164727,1.0,weather,False,102.0,22.0,23.0,49.0,True
day_of_month,0.0018514820116770636,0.0048522173675746615,1.0,time,False,80.0,44.0,23.0,49.0,True
dep_gust_factor,0.004309324572933981,0.0036142808969968636,3.0,weather,False,36.0,52.0,61.5,49.833333333333336,True
schedule_padding_min,0.0010709147319438728,0.007139284233766272,1.0,flight,False,98.0,30.0,23.0,50.333333333333336,True
destination,0.0,0.0520211157068569,1.0,geospatial,False,126.0,3.0,23.0,50.666666666666664,True
dep_minute,0.0006334482891607873,0.007324555442358057,1.0,time,False,106.0,28.0,23.0,52.333333333333336,True
route_popularity_30d,0.001470977345682023,0.00379583031424959,1.0,historical,False,85.0,50.0,23.0,52.666666666666664,True
origin,0.0012113446819754792,0.049221008066320356,3.0,geospatial,False,93.0,4.0,61.5,52.833333333333336,True
prev_leg_known,0.00900363522097658,0.0,1.0,historical,False,14.0,125.0,23.0,54.0,True
holiday_proximity,0.00012630863429685668,0.007895792674182838,1.0,time,False,115.0,25.0,23.0,54.333333333333336,True
elevation_gain_ft,0.00145082680961095,0.0035415058143910797,1.0,geospatial,False,88.0,53.0,23.0,54.666666666666664,True
origin_daily_departures,0.0029106568691552592,0.002941659704167431,2.0,airport,False,58.0,59.0,50.0,55.666666666666664,False
arr_wx_wind_gust_kt,0.0,0.009856309703869694,1.0,weather,False,126.0,18.0,23.0,55.666666666666664,False
day_of_year,0.0021140528512169077,0.004443403523243851,2.0,time,False,74.0,47.0,50.0,57.0,False
speed_kmh_implied,0.0,0.00802651103363548,1.0,flight,False,126.0,24.0,23.0,57.666666666666664,False
bearing_sin,0.0021890297322291197,0.003103171467391106,2.0,geospatial,False,71.0,56.0,50.0,59.0,False
origin_volume_7d,0.0006363245887313074,0.0037651893274910217,1.0,historical,False,105.0,51.0,23.0,59.666666666666664,False
lon_delta,0.0008024753325843736,0.0032306135276240337,1.0,geospatial,False,101.0,55.0,23.0,59.666666666666664,False
dep_wx_wind_gust_kt,0.0,0.006866120059093003,1.0,weather,False,126.0,33.0,23.0,60.666666666666664,False
days_to_holiday,0.002869587541504348,0.0025968053179420874,3.0,time,False,60.0,61.0,61.5,60.833333333333336,False
dep_wx_severity,0.0009090800563182899,0.006773955377456363,2.0,weather,False,100.0,34.0,50.0,61.333333333333336,False
is_first_leg_of_day,0.005653957483525485,0.00046181066736730747,4.0,flight,False,29.0,85.0,75.5,63.166666666666664,False
arr_wx_visibility_km,0.001068191282483033,0.005129425465606459,2.0,weather,False,99.0,42.0,50.0,63.666666666666664,False
origin_hourly_capacity,0.004204294087615468,0.0005829592365509616,4.0,airport,False,38.0,82.0,75.5,65.16666666666667,False
dep_rain_intensity,0.008757718240123724,0.00015702860148891814,5.0,weather,False,15.0,93.0,89.5,65.83333333333333,False
dest_is_hub,0.007536078314103856,0.00018330344756880518,5.0,airport,False,20.0,90.0,89.5,66.5,False
days_after_holiday,0.0011027233607356912,0.0029483817447610314,2.0,time,False,97.0,58.0,50.0,68.33333333333333,False
runways_per_departure,0.0018000915070366386,0.0025643900135213574,3.0,airport,False,81.0,63.0,61.5,68.5,False
is_morning_bank,0.0064059749753477835,0.0001749286690345354,5.0,time,False,25.0,91.0,89.5,68.5,False
is_red_eye,0.0027019988701082465,0.0011392371020050361,4.0,time,False,62.0,70.0,75.5,69.16666666666667,False
dest_hour_arrivals,0.00216621114462634,0.00093447302970206,3.0,airport,False,73.0,74.0,61.5,69.5,False
category,0.00494031695234165,0.000375873910080874,5.0,flight,False,34.0,86.0,89.5,69.83333333333333,False
carrier_type,0.006688968610262025,0.0,3.0,flight,False,23.0,125.0,61.5,69.83333333333333,False
is_friday,0.0016822906916571512,0.0013802344761165105,3.0,time,False,82.0,67.0,61.5,70.16666666666667,False
origin_is_hub,0.009355932854196114,9.498974625119634e-05,6.0,airport,False,12.0,96.0,103.5,70.5,False
dest_longitude,0.0015162483162880491,0.0011209163801495833,3.0,geospatial,False,84.0,71.0,61.5,72.16666666666667,False
is_holiday,0.004102112221601395,0.00022286821244019446,5.0,time,False,40.0,88.0,89.5,72.5,False
leg_depth,0.0053568776759933545,0.0005355833622543565,6.0,flight,False,30.0,84.0,103.5,72.5,False
dest_congestion_ratio,0.0,0.004906824175958217,2.0,airport,False,126.0,43.0,50.0,73.0,False
upstream_delayed_15,0.02096126343589555,0.0,5.0,historical,False,5.0,125.0,89.5,73.16666666666667,False
origin_longitude,0.0014529580143141096,0.0010120039469755546,3.0,geospatial,False,87.0,72.0,61.5,73.5,False
hub_to_hub,0.007788352232409368,0.0003273078812673633,7.0,geospatial,False,19.0,87.0,117.5,74.5,False
is_evening_bank,0.0060513057930953185,6.106489858597109e-05,6.0,time,False,26.0,99.0,103.5,76.16666666666667,False
season,0.004142757602082492,5.7471850038688024e-05,5.0,time,False,39.0,101.0,89.5,76.5,False
origin_hour_departures,0.0014618835399218266,0.0009506477569418837,4.0,airport,False,86.0,73.0,75.5,78.16666666666667,False
route_bearing_deg,0.0,0.002737602869133577,2.0,geospatial,False,126.0,60.0,50.0,78.66666666666667,False
bank_pressure_3h,0.00026498358590321125,0.0021381254022211104,3.0,airport,False,113.0,65.0,61.5,79.83333333333333,False
dep_ifr,0.003804512930239312,2.8405429705219198e-05,5.0,weather,False,47.0,105.0,89.5,80.5,False
arr_wx_precip_mm,0.001205626798477022,0.0009179007930714077,4.0,weather,False,95.0,76.0,75.5,82.16666666666667,False
origin_elevation_ft,0.0006232973665494246,0.0007375815051889666,3.0,airport,False,107.0,79.0,61.5,82.5,False
dep_fog_risk,0.003062580986256558,2.4586848335842944e-05,5.0,weather,False,56.0,107.0,89.5,84.16666666666667,False
dest_region,0.0032382895440747905,0.0,4.0,geospatial,False,53.0,125.0,75.5,84.5,False
is_regional_jet,0.006028812806235351,0.0,6.0,flight,False,27.0,125.0,103.5,85.16666666666667,False
dest_latitude,0.0,0.0013129846764395772,3.0,geospatial,False,126.0,69.0,61.5,85.5,False
is_peak_hour,0.00208210229063166,0.0001351322821845121,5.0,time,False,75.0,94.0,89.5,86.16666666666667,False
origin_num_runways,0.0012060874761925522,0.00020875265301496953,4.0,airport,False,94.0,89.0,75.5,86.16666666666667,False
dep_wx_precip_mm,0.0007231478747689035,0.0006807360886122006,4.0,weather,False,103.0,80.0,75.5,86.16666666666667,False
at_risk_of_propagation,0.008697998522742889,0.0,7.0,historical,False,16.0,125.0,117.5,86.16666666666667,False
distance_band,0.002672304567048922,0.0,4.0,flight,False,63.0,125.0,75.5,87.83333333333333,False
dep_heat_stress,0.0,0.0008786014904911524,3.0,weather,False,126.0,77.0,61.5,88.16666666666667,False
origin_latitude,0.0003324599330152278,0.0008522165704397669,4.0,geospatial,False,111.0,78.0,75.5,88.16666666666667,False
dep_visibility_level,0.003976186671600823,2.5020768542484943e-05,7.0,weather,False,43.0,106.0,117.5,88.83333333333333,False
tight_turnaround,0.00204121464221374,6.070748653155544e-05,5.0,flight,False,77.0,100.0,89.5,88.83333333333333,False
is_eastbound,0.004058637242669194,0.0,6.0,geospatial,False,41.0,125.0,103.5,89.83333333333333,False
is_summer_peak,0.000705677165456553,0.00017247121865495674,4.0,time,False,104.0,92.0,75.5,90.5,False
is_weekend,0.0038766742190450287,0.0,6.0,time,False,45.0,125.0,103.5,91.16666666666667,False
is_westbound,0.0029345802661724374,1.6551382800537916e-05,6.0,geospatial,False,57.0,114.0,103.5,91.5,False
arr_wx_severity,0.0,0.000926072582223407,4.0,weather,False,126.0,75.0,75.5,92.16666666666667,False
dep_wx_condition,0.0013059543971143395,9.312481301594294e-05,5.0,weather,False,92.0,97.0,89.5,92.83333333333333,False
dep_wind_category,0.0018694169657362814,0.0005416680246520798,7.0,weather,False,79.0,83.0,117.5,93.16666666666667,False
high_altitude_origin,0.002718430538276584,2.3658921245658944e-05,7.0,geospatial,False,61.0,108.0,117.5,95.5,False
origin_region,0.0013841460066075228,2.2049820073001628e-05,5.0,geospatial,False,90.0,109.0,89.5,96.16666666666667,False
is_old_aircraft,0.0020646097132925867,0.0,6.0,flight,False,76.0,125.0,103.5,101.5,False
dep_lifr,0.001352093862701853,5.709474227498712e-05,7.0,weather,False,91.0,102.0,117.5,103.5,False
hub_pair_type,0.0,2.1304268033048886e-05,4.0,geospatial,False,126.0,110.0,75.5,103.83333333333333,False
is_monday,0.0003620107577193554,5.3281434237658255e-05,6.0,time,False,110.0,103.0,103.5,105.5,False
origin_is_slot_constrained,0.0,7.710484254261125e-05,6.0,airport,False,126.0,98.0,103.5,109.16666666666667,False
dep_is_freezing,0.0004508826922282605,3.354705202805736e-05,7.0,weather,False,109.0,104.0,117.5,110.16666666666667,False
in_holiday_window,0.0005088085622089178,0.0,6.0,time,False,108.0,125.0,103.5,112.16666666666667,False
dep_is_storm,0.0,0.00012268655036397675,7.0,weather,False,126.0,95.0,117.5,112.83333333333333,False
arr_is_storm,0.001170776748078195,0.0,7.0,weather,False,96.0,125.0,117.5,112.83333333333333,False
same_region,0.0,0.0,5.0,geospatial,False,126.0,125.0,89.5,113.5,False
is_major_travel_holiday,4.353990103833638e-05,0.0,6.0,time,False,116.0,125.0,103.5,114.83333333333333,False
origin_over_capacity,0.0,0.0,6.0,airport,False,126.0,125.0,103.5,118.16666666666667,False
is_winter_ops,0.0,0.0,6.0,time,False,126.0,125.0,103.5,118.16666666666667,False
arr_wx_condition,0.0,2.0152660676658936e-05,7.0,weather,False,126.0,112.0,117.5,118.5,False
arr_ifr,0.00014334827257811433,0.0,7.0,weather,False,114.0,125.0,117.5,118.83333333333333,False
both_ends_bad_wx,0.0,0.0,7.0,weather,False,126.0,125.0,117.5,122.83333333333333,False
dep_is_snow,0.0,0.0,7.0,weather,False,126.0,125.0,117.5,122.83333333333333,False
dep_wx_snow_mm,0.0,0.0,7.0,weather,False,126.0,125.0,117.5,122.83333333333333,False
prev_leg_arr_delay_min,0.015036280596126161,0.03296311302237853,,historical,True,6.0,6.0,,1006.0,False
prev_leg_dep_delay_min,0.040431112561048366,0.010884707231207425,,historical,True,3.0,14.0,,1008.5,False
scheduled_ground_time_min,0.009896548057787058,0.01961084849220999,,historical,True,9.0,9.0,,1009.0,False
carrier_vs_system_delay,0.01266426406937815,0.002580339108968422,,historical,True,7.0,62.0,,1034.5,False
distance_km,0.004215781276404762,0.003912558092902688,,flight,True,37.0,49.0,,1043.0,False
dep_hour,0.007439076875425998,0.0013687702101419406,,time,True,21.0,68.0,,1044.5,False
route_volume_30d,0.0022338492984852465,0.002970575954286587,,historical,True,68.0,57.0,,1062.5,False
week_of_year,0.0023775201707390003,0.000678492753886201,,time,True,67.0,81.0,,1074.0,False
turnaround_buffer_min,0.0049110315735654275,0.0,,flight,True,35.0,125.0,,1080.0,False
month,0.002184486162450039,2.0790880396594426e-05,,time,True,72.0,111.0,,1091.5,False
quarter,0.00030062201375091746,1.9816672217184882e-05,,time,True,112.0,113.0,,1112.5,False
